country,lifeexp,region
Afghanistan,48.673,SAs
Albania,76.918,EuCA
Algeria,73.131,MENA
Angola,51.093,SSA
Argentina,75.901,Amer
Armenia,74.241,EuCA
Aruba,75.246,Amer
Australia,81.907,EAP
Austria,80.854,EuCA
Azerbaijan,70.739,EuCA
Bahamas,75.62,Amer
Bahrain,75.057,MENA
Bangladesh,68.944,SAs
Barbados,76.835,Amer
Belarus,70.349,EuCA
Belgium,80.009,EuCA
Belize,76.072,Amer
Benin,56.081,SSA
Bhutan,67.185,SAs
Bolivia,66.618,Amer
Bosnia_and_Herzegovina,75.67,EuCA
Botswana,53.183,SSA
Brazil,73.488,Amer
Brunei,78.005,EAP
Bulgaria,73.371,EuCA
Burkina_Faso,55.439,SSA
Burundi,50.411,SSA
Cambodia,63.125,EAP
Cameroon,51.61,SSA
Canada,81.012,Amer
Cape_Verde,74.156,SSA
Central_African_Rep.,48.398,SSA
Chad,49.553,SSA
Channel_Islands,80.055,EuCA
Chile,79.12,Amer
China,73.456,EAP
Colombia,73.703,Amer
Comoros,61.061,SSA
Congo_Dem._Rep.,48.397,SSA
Congo_Rep.,57.379,SSA
Costa_Rica,79.311,Amer
Cote_d'Ivoire,55.377,SSA
Croatia,76.64,EuCA
Cuba,79.143,Amer
Cyprus,79.591,EuCA
Czech_Rep.,77.685,EuCA
Denmark,78.826,EuCA
Djibouti,57.937,MENA
Dominican_Rep.,73.396,Amer
Ecuador,75.632,Amer
Egypt,73.235,MENA
El_Salvador,72.196,Amer
Equatorial_Guinea,51.088,SSA
Eritrea,61.597,SSA
Estonia,74.825,EuCA
Ethiopia,59.274,SSA
Fiji,69.245,EAP
Finland,79.977,EuCA
France,81.539,EuCA
French_Guiana,76.456,Amer
French_Polynesia,75.133,EAP
Gabon,62.703,SSA
Gambia,58.491,SSA
Georgia,73.737,EuCA
Germany,80.414,EuCA
Ghana,64.228,SSA
Greece,79.915,EuCA
Grenada,75.956,Amer
Guadeloupe,79.839,Amer
Guam,76.142,EAP
Guatemala,71.172,Amer
Guinea,54.097,SSA
Guinea-Bissau,48.132,SSA
Guyana,69.927,Amer
Haiti,62.095,Amer
Honduras,73.126,Amer
Hong_Kong_China,82.759,EAP
Hungary,74.414,EuCA
Iceland,81.804,EuCA
India,65.438,SAs
Indonesia,69.366,EAP
Iran,72.974,MENA
Iraq,69.042,MENA
Ireland,80.557,EuCA
Israel,81.618,MENA
Italy,81.855,EuCA
Jamaica,73.127,Amer
Japan,83.394,EAP
Jordan,73.403,MENA
Kazakhstan,67.017,EuCA
Kenya,57.134,SSA
Korea_Dem._Rep.,68.846,EAP
Korea_Rep.,80.642,EAP
Kuwait,74.576,MENA
Kyrgyzstan,67.714,EuCA
Laos,67.484,EAP
Latvia,73.339,EuCA
Lebanon,72.64,MENA
Lesotho,48.196,SSA
Liberia,56.786,SSA
Libya,74.788,MENA
Lithuania,72.231,EuCA
Luxembourg,79.963,EuCA
Macao_China,80.934,EAP
Macedonia_FYR,74.847,EuCA
Madagascar,66.718,SSA
Malawi,54.21,SSA
Malaysia,74.221,EAP
Maldives,76.848,SAs
Mali,51.444,SSA
Malta,79.634,EuCA
Martinique,80.499,Amer
Mauritania,58.582,SSA
Mauritius,73.373,SSA
Mayotte,77.433,SSA
Mexico,76.954,Amer
Micronesia_Fed._Sts.,68.978,EAP
Moldova,69.317,EuCA
Mongolia,68.498,EAP
Montenegro,74.573,EuCA
Morocco,72.15,MENA
Mozambique,50.239,SSA
Myanmar,65.193,EAP
Namibia,62.465,SSA
Nepal,68.795,SAs
Netherlands,80.734,EuCA
Netherlands_Antilles,76.652,Amer
New_Caledonia,76.521,EAP
New_Zealand,80.654,EAP
Nicaragua,74.044,Amer
Niger,54.675,SSA
Nigeria,51.879,SSA
Norway,81.097,EuCA
Oman,72.974,MENA
Pakistan,65.437,SAs
Panama,76.128,Amer
Papua_New_Guinea,62.791,EAP
Paraguay,72.477,Amer
Peru,73.99,Amer
Philippines,68.749,EAP
Poland,76.126,EuCA
Portugal,79.499,EuCA
Puerto_Rico,79.158,Amer
Qatar,78.371,MENA
Reunion,77.653,SSA
Romania,73.979,EuCA
Russia,68.823,EuCA
Rwanda,55.442,SSA
Saint_Lucia,74.641,Amer
Saint_Vincent_and_the_Grenadines,72.283,Amer
Samoa,72.444,EAP
Sao_Tome_and_Principe,64.666,SSA
Saudi_Arabia,73.911,MENA
Senegal,59.318,SSA
Serbia,74.522,EuCA
Sierra_Leone,47.794,SSA
Singapore,81.126,EAP
Slovak_Republic,75.446,EuCA
Slovenia,79.341,EuCA
Solomon_Islands,67.852,EAP
Somalia,51.219,SSA
South_Africa,52.797,SSA
South_Sudan,59.4,SSA
Spain,81.404,EuCA
Sri_Lanka,74.941,SAs
Sudan,61.452,SSA
Suriname,70.563,Amer
Swaziland,48.718,SSA
Sweden,81.439,EuCA
Switzerland,82.338,EuCA
Syria,75.85,MENA
Tajikistan,67.529,EuCA
Tanzania,58.199,SSA
Thailand,74.126,EAP
Timor-Leste,62.475,EAP
Togo,57.062,SSA
Tonga,72.317,EAP
Trinidad_and_Tobago,70.124,Amer
Tunisia,74.515,MENA
Turkey,73.979,EuCA
Turkmenistan,64.986,EuCA
Uganda,54.116,SSA
Ukraine,68.494,EuCA
United_Arab_Emirates,76.546,MENA
United_Kingdom,80.17,EuCA
United_States,78.531,Amer
Uruguay,77.005,Amer
Uzbekistan,68.287,EuCA
Vanuatu,71.017,EAP
Venezuela,74.402,Amer
West_Bank_and_Gaza,72.832,MENA
Western_Sahara,67.301,MENA
Vietnam,75.181,EAP
Virgin_Islands_(U.S.),79.407,Amer
Yemen_Rep.,65.493,MENA
Zambia,49.025,SSA
Zimbabwe,51.384,SSA
