lastName,ssn
Panton,935-90-7627
Cayouette,935-89-9009
Prins,959-30-7957
Mozdzierz,989-27-8093
Hartzheim,935-27-4276
Borremans,996-41-8616
Dominic,999-84-8888
Hamacher,917-96-3554
Piszczek,963-87-9974
Sarcone,909-96-1669
Piacente,967-61-8575
Dipinto,907-49-2510
Mcquiston,932-55-7164
Kings,934-48-2334
Merker,992-83-4829
Mulkerin,934-86-4126
Zebell,951-57-6196
Edghill,979-42-4409
Lechelt,906-85-3202
Torma,982-68-6906
Miskell,992-89-2715
Piatkowski,916-33-7831
Czyrnik,995-95-8909
Vuillemot,950-17-2657
Scheiber,965-74-4739
Nazario,963-38-1755
Trigueros,999-60-3232
Zalesky,974-53-6387
Bailor,920-78-9780
Anspaugh,961-36-6578
Reemer,944-32-3013
Howryla,925-12-1644
Giannakopoulo,980-93-4844
Delatrinidad,993-37-2066
Sandoz,948-56-4284
Apresa,928-67-3592
Ercek,996-32-1564
Amunrud,916-53-6216
Clater,946-41-7003
Galm,994-29-1678
Krenzke,967-71-8565
Spicher,989-79-8274
Fred,990-95-7077
Dzurnak,938-46-9967
Barranco,938-70-3631
Licausi,929-84-1247
Landi,987-95-9502
Lambertson,916-95-8546
Sellberg,965-65-6038
Schehr,990-42-7824
Schlabs,906-83-6847
Coache,941-56-6401
Riedinger,913-81-9468
Majocka,921-55-7816
Malle,973-52-9173
Ealand,929-61-6825
Parnell,963-43-3135
Maciarello,996-58-7685
Sheilds,950-98-5411
Himmelspach,905-67-9613
Garay,904-49-5993
Kniceley,987-26-4880
Messineo,925-83-2833
Vanholland,977-68-6192
Bieker,922-40-9560
Sprewell,997-53-7925
CARVILL,918339442
Jolicoeur,902-46-1282
Gompf,926-88-9050
Berkstresser,935-62-7974
Dagrella,978-42-7296
Anaya,956-53-6437
Hoople,953-50-6974
LITTERAL,904721924
Krolikowski,994-27-4063
Wechselblatt,972-28-2152
Quiet,963-25-6361
Hollowell,941-95-4384
Ehresman,919-39-5692
Zidzik,927-27-9653
Airth,938-43-3006
Matthews,965-56-2290
Records,919-65-9079
Memmo,968-97-7178
Sorbo,946-59-2346
Boehner,926-35-7508
Swentzel,907-20-7781
Groom,987-58-4363
Woodward,984-63-5828
Rozman,937-37-4674
Angton,972-56-5352
Luallen,982-97-1174
Maw,954-79-9625
Petrucelli,966-73-8544
Chounlapane,910-22-5705
Loperena,955-29-4616
Berczel,974-52-7615
Leemow,964-35-1540
Neifert,944-34-9864
Rawling,926-61-2609
Nuesca,951-56-1923
Parga,999-78-6792
Maines,931-32-5509
Neat,985-46-8325
Barkley,916-24-1139
Fatchett,981-44-6596
Bonds,960-42-3200
Wolma,973-72-3674
Bihari,919-53-6084
Followell,913-59-2510
Urlaub,919-67-3521
Byous,965-93-8390
Turso,980-22-7509
Lilleberg,993-33-5586
Hartness,908-66-7175
Huh,936-84-6765
Scobee,913-63-6237
CAZORLA,959878516
Robin,993-24-1711
Schaper,997-28-1564
Buzza,981-82-9401
Ibsen,942-89-1746
Waltemath,923-88-6201
Nealon,934-21-2608
Caho,921-25-7131
Vankammen,983-28-5981
Maitland,986-79-6027
Cardle,927-17-9121
Bacerra,984-23-2965
BISARRA,975422585
Picciuto,930-59-7861
Soll,946-35-9195
Angelillo,958-93-3385
Iacobucci,972-12-9005
Trethewey,945-85-7157
Coplen,945-18-1963
Lecomte,923-93-1226
Neef,985-15-5842
Backues,962-10-8796
Mcclatchey,900-72-1168
Gerbig,988-20-4806
Churley,929-37-1499
Jackowiak,910-11-9710
Wixted,948-83-5840
Fredrikson,998-99-8395
Gares,966-57-2566
Warhurst,923-55-6208
Kostiv,974-69-9877
Mccelland,971-37-8804
Wagle,977-40-1724
Walner,944-42-5417
Gemes,924-51-8570
Alberti,949-42-2448
Ballog,961-97-1552
Glaviano,929-31-4982
Tuggie,990-45-2792
Trevillian,990-82-8264
Nute,959-83-9540
Heckathorn,996-39-9023
Formaggioni,970-86-9535
Vanhoozer,946-62-8432
Munshower,986-22-3991
Redgate,926-95-7766
Meserole,995-32-3127
Baro,948-17-5120
Wienberg,985-41-9187
Cheeseboro,914-21-3953
Whittenton,980-74-8567
Grudzien,913-55-5184
Dauphin,979-81-4055
Sharrett,988-55-7731
Gnoza,940-91-7130
Lanosga,972-21-3250
Higgenbottom,945-24-4618
Pasek,913-55-8343
Kron,940-35-2361
Fede,901-45-2498
Coffell,942-87-4388
Fabacher,948-18-3053
Harcus,905-30-8611
Bazzle,966-69-6456
Hohstadt,965-88-7623
Pellissier,974-39-3514
Chad,960-24-3850
Varenhorst,924-20-8221
Mulliner,956-92-1033
Tillery,947-74-3837
KLEY,932799801
Viscia,931-19-5423
Sturgell,953-44-2021
Honzel,938-60-5790
Onyeagu,960-26-5924
Selman,958-70-9141
Rolek,949-89-1731
Kibby,992-18-6118
Men,992-49-5448
Dorschner,927-64-6781
Zakarian,918-49-8692
PONO,910327375
Chacon,910-55-9569
Minassian,955-61-8296
Dinuzzo,970-37-8770
Bingaman,974-72-6756
Dolven,948-16-5886
Claar,949-60-8249
Buttars,970-73-3800
Escalona,942-75-3451
Douyette,998-87-4937
Koehn,999-24-3966
Sarcone,967-47-3488
Markevich,955-26-7828
Salmonson,948-23-7046
Muskett,995-34-4031
Drumheiser,993-29-5527
Tyszko,938-88-2750
Corriveau,993-74-7479
Burleson,977-89-8893
Casten,957-59-8591
Sobrino,996-57-9672
Imada,921-17-3836
Stager,994-42-9469
Kurpinski,940-34-6842
Papetti,902-42-1859
Fleitman,945-19-4695
Hefty,969-31-6834
Pesenti,930-42-9304
Campillo,970-82-9161
Bramlette,908-96-9743
Schorn,994-25-8708
Teaff,924-50-5347
Mccrumb,979-94-7995
Carbajal,937-44-2271
Illig,977-51-3766
Chrysler,968-35-4549
Payment,943-22-3421
Diani,902-78-9595
Northan,997-25-1109
Amabile,997-17-9474
Franzone,975-37-7577
Puffenberger,910-91-8134
Britcher,994-96-5537
Binns,967-70-1498
Vrbka,988-39-4246
Kimbrel,923-67-7509
Meisner,954-33-4755
Hazelett,997-82-7781
Arvidson,977-81-3749
Pflum,992-73-1930
Meranto,953-10-1377
Ciarrocchi,969-80-9160
Eisenhart,929-62-2582
Wakeling,978-15-8473
Bonier,967-33-2132
Ona,963-13-9788
Bucholtz,923-25-8279
Sherles,990-26-7511
Chulla,923-54-8251
Sissell,979-28-5938
Unglaub,902-23-4394
Harcus,922-29-4618
Pallotta,939-31-7158
Prather,915-92-5382
Gaddie,915-40-9763
Paladini,940-74-2428
Woolem,952-15-5774
Sabourin,926-28-2732
Bodford,968-16-7334
Gilding,926-40-6601
Whisler,923-57-2300
Koeck,951-85-6557
Charpentier,947-80-8117
Rodiguez,934-71-7063
Pforr,926-25-8360
Galow,921-12-7008
Muslim,965-56-7224
Stmichel,903-10-6132
Micciche,935-71-3384
Lecznar,982-66-6760
Trevithick,938-54-4256
Sachetti,998-46-7198
Zaritsky,987-22-4665
Browning,927-22-2799
Kallin,977-51-9861
Sterger,938-32-3185
Shiyou,970-61-1091
Chevalier,900-82-7532
Veitz,949-11-4966
Grimard,963-34-6229
Savell,968-22-3460
Drozdowski,902-76-7626
Oberhausen,935-64-9929
Lefave,959-75-8086
Pinales,989-51-5744
Jeremiah,905-39-8564
Sahu,964-58-4191
Bakowski,666-89-8783
Mozee,910-21-2759
Sciuto,942-42-2062
Shebby,955-18-5428
Domingue,914-90-3243
Amato,977-47-1427
Kraig,994-91-4125
Zomberg,931-34-4793
Kunkel,666-11-2631
Molchan,972-96-3312
Zweier,998-34-4764
Alwardt,932-26-1032
Satter,984-71-8218
Crenwelge,954-70-6471
Coskey,958-37-5173
Entz,954-25-8039
Bergeaux,929-15-8253
Creel,978-23-2755
Gunsolus,956-12-7516
Dolle,966-45-6047
Sodano,933-68-8577
Pritzker,960-62-5357
Schrameck,948-19-9406
Argo,908-94-8341
Cologie,939-36-6585
Mahar,925-36-2763
Reposa,908-15-6441
Konen,951-23-6625
Santulli,975-66-8601
Adame,968-31-9332
Godfray,986-16-4576
Guintanilla,974-51-8132
Hollow,954-86-6134
Dicocco,905-27-3648
REISCH,931684815
Zaccagnini,979-62-1058
Engroff,988-48-9570
Gollin,975-75-9305
Ayars,915-31-4135
Wilber,966-98-8939
Martines,972-17-9683
Tiemeyer,900-94-4158
Guajardo,989-39-7895
Binstock,957-25-3339
Soldeo,983-75-1398
Sewell,950-47-3704
Dumas,906-40-9420
Shewbridge,969-90-2884
Viverette,949-13-6730
STOTHARD,915778765
Engholm,991-55-1135
Silloway,959-27-8811
Elmblad,940-94-9902
Gaber,980-64-6798
Wolinski,924-14-4393
Carnohan,934-80-4710
Elgas,990-21-9263
Schoenfelder,921-22-9395
FAST,911999762
Ponciano,960-44-5421
Troup,955-75-3288
CHESTER,949735778
Cwik,905-98-7211
But,930-41-1220
Harapat,915-83-3083
Brocklehurst,908-81-9294
Staudinger,915-66-4534
Gaseoma,986-18-4209
Gumpert,928-84-1440
Friday,981-24-4227
Serrao,999-87-3110
Thane,951-11-8307
Branscomb,907-31-5623
Mcennis,910-95-7983
Reitema,946-50-5522
Buras,904-35-3802
Colas,923-52-4399
Park,956-33-7214
Dannhaus,953-60-8682
Rowse,997-96-3497
Grumney,937-81-8534
Laurie,996-54-6307
Cinalli,939-76-2489
Choute,929-87-4650
Colston,979-39-1948
Jenny,972-14-9409
Bissett,930-24-2376
Griggers,666-89-7936
Helsel,919-24-2132
Weesner,939-52-7350
Roanhorse,906-60-8193
Ellegood,945-71-6380
Kotecki,972-95-8272
Horn,909-41-9433
Cuadras,948-71-5894
Standefer,904-86-3711
Pullara,921-37-1803
Chasteen,971-21-7545
Terrones,934-51-4958
Desfosses,922-62-1250
Smedley,984-47-2067
Hullinger,914-63-9423
Gama,930-41-8108
Hookfin,978-16-7905
Birenbaum,995-95-6056
Lighthill,991-47-6903
Kendricks,966-24-8984
Paaske,950-88-3465
Scotty,949-87-4493
Nurse,971-42-4294
Hegan,963-66-4217
Ahhee,990-39-1931
Myers,907-32-6463
Mcgrapth,916-91-4133
Ownbey,900-41-4016
Therres,942-88-9450
Surman,962-84-3224
Synder,961-52-2721
Rellama,930-75-9656
Cawley,935-17-6525
Hosley,951-50-8037
Fagundes,992-58-6458
Binsfeld,934-90-9534
Mccaster,901-55-1287
Posso,941-88-8266
Schmoldt,914-53-3874
Heriford,986-72-5170
Seier,953-56-9345
Tagaban,995-37-2376
Brostoff,951-37-7016
Wickson,925-21-4720
Botto,959-97-7061
Lemert,909-66-3152
Warth,966-87-9428
MININGER,952239996
Dippel,993-97-9382
Keator,957-21-2772
Wycuff,900-45-7892
Chouinard,956-57-4277
Pokswinski,974-16-4303
Viramontes,995-86-5116
Lidke,905-59-4531
Deglow,965-79-1100
Speakman,928-36-5210
Martinis,998-74-8572
Gstohl,991-29-7200
Gislason,928-19-1287
Labeots,914-13-5398
Burts,913-89-3788
Campanella,929-74-6180
Rayno,939-27-7557
Burzlaff,995-82-9398
Vuolo,952-14-7214
Durrah,995-95-8400
Leemaster,941-77-7157
Rajas,977-50-9252
Dellaporta,950-66-5135
Seliga,954-30-2430
Eckis,919-69-9092
GREDER,976495465
Macke,934-85-5073
Boomhower,962-62-2141
Knight,940-55-3362
Ratti,951-52-6186
Pettyjohn,932-16-8339
Rumberger,902-98-9549
Rav,952-84-6116
Mckoy,984-53-1471
Buttke,988-67-6029
Sabellico,939-96-8836
Pagoda,942-36-8781
Gallatin,984-51-4512
Forman,934-33-1751
Bermea,903-21-7846
Darting,952-48-9062
Ballengee,999-31-2620
Bednarski,906-27-9752
Sparkes,915-75-7903
Millener,948-45-3010
Rimbey,972-80-8744
Perrez,942-38-9199
Dumas,926-20-6959
Burgener,666-86-4738
Isacson,943-13-5781
Beckett,994-83-1542
Mathewson,915-39-3886
Coppa,961-84-6762
Kaye,977-71-4914
Justus,978-47-9725
BUZEK,985276177
Robin,952-36-3386
Guarino,993-56-5382
Lampe,985-50-6419
Pietrzykowski,936-25-9162
Maready,957-75-4525
Stepanian,900-15-8023
Preskitt,986-26-7465
Difusco,953-26-7604
Kretchmar,952-51-5043
Dobies,926-17-3802
Fykes,952-40-3441
Zaldana,934-88-2871
Galioto,987-90-2816
Belfiore,983-22-9020
Holtman,922-74-2567
CENTRONE,666461029
Doescher,946-58-1079
Redditt,903-19-4817
Sandager,973-22-6517
Bishoff,926-85-5982
Quintana,951-29-5762
Kuster,992-85-3878
Mccourtney,946-89-2264
Tiblier,983-18-7586
Racca,982-12-5435
Wurth,978-10-3160
Shorten,921-40-1362
Gustin,997-14-2671
Birdsong,915-45-4570
Lindenpitz,916-83-6430
Sission,974-24-8848
Taubert,953-35-4292
Rook,948-21-7879
Doniger,984-30-9816
Sedlack,908-44-1894
Hudlin,993-96-6438
Fjeld,998-58-1487
Tyner,999-73-3082
Lango,666-23-4088
Dunsmoor,983-91-5023
Clowney,988-52-1713
Skocilich,996-12-3578
Herta,926-89-8515
Stripling,963-85-7438
Wrobbel,955-47-4700
Menz,913-77-8038
Saccardi,962-84-6370
Sneathen,956-46-3901
Searle,919-64-6940
Laplant,989-60-1344
Calendine,961-81-3569
Brouk,914-91-6674
Schluneger,967-73-9034
Estremera,950-33-7061
Ruley,943-11-1503
Fambrough,913-45-6892
Clarks,965-88-1467
Byther,980-93-9046
Averett,960-14-8018
Tennon,921-85-9924
Hazen,924-27-4845
Moake,972-96-3889
Model,946-71-8676
Beilke,911-41-9962
Imhoff,969-45-7052
Steinerkert,946-12-3406
Widlak,900-70-8933
Metzgar,966-59-9191
GEORGIADES,949432056
Reisen,929-34-4785
Crompton,949-99-1283
Burau,900-22-5627
Cybart,954-24-4411
Doerhoff,981-61-8536
Teehan,901-34-1827
Dorin,900-86-2933
Kobbe,914-89-6892
Meusel,905-71-9789
Mcgonagle,931-36-5595
Sengupta,904-43-6529
Pillar,948-40-1109
Mcclennon,927-32-9438
Hickox,971-46-4106
Koscinski,924-12-7814
Loza,922-89-5407
Morici,939-45-5332
Matsuhara,967-54-5901
Theil,929-43-7671
UGAZ,946123770
Lenard,941-56-8532
Pettijohn,929-50-6753
Eames,904-23-7486
Weathington,920-88-4928
Fiorella,933-77-3059
Williams,968-54-4201
Coxum,933-19-5285
Lechelt,959-63-6391
Mancias,970-57-3996
Paviol,971-74-5680
Hixson,942-86-6788
Dutson,978-60-4012
Brossard,949-64-1226
Button,908-92-2756
Mutch,900-22-2074
Ferran,973-52-4959
Hurlock,927-66-5828
Nattress,927-93-6245
Credo,921-27-4374
Boyarsky,921-50-5889
Maultasch,974-83-7472
Paolello,901-90-3207
Toala,939-17-7560
Wiklund,917-93-5345
Hilburn,968-61-8003
Vanschoyck,951-46-8045
Littlejohn,942-17-4062
Giordano,963-49-7240
Lucy,951-54-8439
Guanio,966-89-2607
Wieberg,947-59-9206
Barmer,918-18-7374
Kasey,906-52-5571
Wackenhut,999-96-6248
Schierbrock,992-38-9673
Cherrette,962-16-2512
Becraft,973-19-3290
Sokol,978-78-7654
Scroggie,965-12-4318
Leffingwell,998-52-1844
Smithj,933-12-5149
Tauscher,937-56-7591
Ehmer,958-77-8017
Greninger,922-45-5817
Afshari,991-72-6462
Ouelette,963-46-1107
Mayr,968-50-8648
Shalhoub,999-68-8148
Bowley,965-36-6390
Jozsa,971-40-5140
Tebow,929-52-3242
Sylver,954-20-3722
Bagger,953-31-5081
Lunday,974-10-7438
Hartgraves,926-51-6957
Tamburrino,956-17-7855
Slechta,900-56-5181
Boniello,919-48-9380
Wilcox,933-63-7461
Music,980-53-8930
Sifford,903-36-9299
Cassano,973-74-8240
Koeppl,929-53-9405
Burle,934-31-4605
Lasagna,918-30-6880
Chandley,970-61-7505
Aanderud,927-87-4203
Paugsch,923-16-2404
Sholette,965-23-2112
Flemmons,972-45-7374
Syria,935-31-1863
Godsey,972-78-8914
Mccune,954-77-8090
Eigo,911-95-8134
Mitchel,931-38-5469
Sarcinelli,999-12-2883
Ming,928-78-9043
Wolford,904-29-8290
Guereca,999-26-4466
Tansley,998-41-1749
Monarca,939-17-6421
Shauf,954-55-6498
Weihl,953-36-3157
Hazeltine,931-25-5778
Ortea,942-33-7144
Olivier,940-96-9159
Weismiller,976-94-3875
Monro,915-48-6075
Ohme,957-66-6765
Hashbarger,916-47-8706
Scarber,973-47-4246
Tacopino,913-52-3380
Lellig,983-40-1701
Gwynn,991-31-3207
Ghoston,947-10-9752
Lenza,920-60-7389
Billiet,983-48-3341
Daguio,983-19-6232
Killette,953-23-7914
Hartzell,941-57-9818
Camposano,931-21-4818
Samowitz,933-29-3339
Witten,984-27-7213
Amero,955-99-1371
Muzzey,989-97-5137
Sundborg,941-65-8033
Lesesne,953-53-1837
Parrotte,924-27-7481
Vanoli,973-97-2764
Toplk,989-52-4303
Loftis,902-93-1550
Kotrys,905-72-8420
Mallernee,977-16-6273
Cultice,991-48-8657
Glaza,946-93-7474
Diehm,941-75-9473
Sartain,918-78-2538
Hulet,932-41-8978
Hebsch,964-76-9594
Deely,905-86-8330
Eshleman,987-72-8207
Nugen,942-23-3377
Hardison,986-77-4322
Zweier,944-29-8553
Lundholm,917-87-2641
Roemer,980-63-9965
Eldredge,928-14-1266
Schroader,919-71-1763
Trometter,917-81-1701
Bilberry,987-30-8118
Knapper,981-53-5850
Oroak,946-24-1973
Spriggle,978-79-5567
Kominski,939-91-7663
Mergel,902-97-8720
Benderman,976-69-4852
Racicot,905-61-7552
BODAK,959235765
Nasr,949-87-1500
Schoch,906-26-8414
Brunetta,972-21-8140
Wulff,961-29-5797
Dearmon,947-31-3184
Howick,911-28-8783
Letts,988-28-9675
Savarino,923-23-1449
Klepac,998-48-7142
Massett,937-88-7078
Iachetta,900-45-7750
Levitsky,950-29-5467
Stobbe,912-36-2765
Keyton,922-37-9771
Yu,980-19-4332
Sivyer,927-84-3350
Lofties,919-10-5661
Kercado,923-32-3020
Pinkard,981-76-8478
Gollier,955-64-8218
Defonce,906-96-4627
Briggeman,947-47-1891
Gallet,905-58-1894
Chio,982-70-3604
Gheewala,980-36-5545
Weisenborn,998-83-4959
Viscarra,973-55-4224
Tausch,927-66-9143
Eavey,958-75-4153
Chilcote,983-30-1056
Leshem,962-79-1058
Huisinga,955-86-7208
Cretella,911-57-8477
Brackley,918-48-9241
Henby,907-81-4296
Eastep,926-86-1469
Camba,995-11-5195
Weisend,998-56-3978
Glick,934-56-9493
Kuhnemund,926-35-5385
Garnham,926-88-5207
Kinkead,931-25-3178
Seahorn,954-97-2603
Mazzara,906-30-1034
Flemming,927-84-4906
Corkins,910-26-1410
Thonen,937-13-6208
Fortes,989-57-6533
Gottsch,917-37-7866
VIRGA,931479619
Gavell,965-92-7310
Rulon,907-24-5307
Gerstle,975-87-1151
Berdux,981-78-3204
Ospina,666-59-3554
Prindiville,901-22-5698
Knoeppel,904-71-5562
Desiderio,986-39-8049
Boyarski,915-52-5036
Lavezzo,938-15-1956
Delsol,999-81-9588
Gabrysch,955-69-3221
Lorber,980-61-4579
Naik,973-51-6641
Catania,666-60-3866
Cortijo,981-43-2546
Brians,915-26-3076
Topper,908-94-1578
Bora,928-70-4350
Bonita,914-94-4872
Newfield,936-97-4859
Bressi,937-30-2601
Carollo,966-76-1352
Francies,947-80-3298
Boulton,925-19-6776
Demorizi,955-22-3661
Ameigh,902-79-7939
Wauneka,927-86-1848
Dare,968-42-6498
Hellweg,962-91-1353
Ariyoshi,993-67-4753
Betzner,992-88-4430
Juncaj,942-55-1416
Sprayberry,913-72-6896
Mciwraith,985-85-6476
Scruton,959-60-3783
Lanteigne,961-53-9096
Cushingberry,933-85-8953
Parman,985-98-1056
Miskovich,914-46-3355
MAGLAUGHLIN,962463793
Haag,973-54-6965
Malahan,939-59-2144
Laster,994-63-3116
Ruiloba,999-58-5165
Alcosiba,920-97-4899
Lins,921-56-7785
Huberman,916-67-4834
Auchmoody,981-56-6000
Lanfor,956-89-2526
Locks,935-89-5649
Galson,921-60-6188
Boleyn,961-69-3372
Cloughly,925-15-3080
Bonanni,967-63-8998
Duttry,975-73-7169
Nickoley,934-33-2780
Anderegg,970-66-7739
Reha,919-16-5051
Lynds,997-80-5543
Strate,987-64-7975
Eshmon,902-98-4386
Stefanick,917-46-5492
Varty,924-13-4676
Reagor,983-58-2984
Grubaugh,931-28-6163
Capaccino,972-83-9294
Adens,970-18-2766
Dupar,989-76-5937
Youngren,981-10-1015
Turcott,970-98-9952
Mueller,996-21-1417
Gallante,903-89-6557
Locklin,984-18-2798
Presas,919-67-8894
Neto,937-23-6966
Schmeisser,953-66-6779
Gosser,990-97-7500
Reyner,975-10-6365
DETTORRE,909166947
Lime,926-30-8942
Hirpara,955-32-7990
Prosperie,987-50-5439
Yarrell,980-42-4065
Saleado,945-52-9161
Biewald,963-63-3808
Jarboe,959-27-8926
Saffell,992-45-4129
Guyette,994-77-4966
Wythe,903-11-9081
Usack,992-78-6928
Ankrum,964-48-3694
Stoneberger,976-13-3946
Truont,952-15-1041
Begum,996-61-7463
Simbeck,919-46-5099
Messey,945-19-9938
Opal,969-29-6750
Jungen,957-66-7016
Dibacco,938-92-9541
Bertus,964-86-5920
Winkelmann,916-21-6455
Mildenstein,949-91-6152
Billiar,990-84-5489
Mengarelli,979-64-3480
Buscemi,918-51-3389
Bavier,920-11-2390
Boehne,960-86-2843
Mchugh,906-17-8041
Scriven,945-53-9089
Byczek,911-69-8714
LASZLO,928357472
Gabrial,975-94-7248
VANASTEN,904341928
Poltorak,942-19-5717
Kolthoff,925-67-8889
Rallison,966-79-4122
Hinnen,982-46-3336
Weirick,916-78-5234
Olney,988-52-7699
Ennen,977-95-8227
Hanley,940-12-6447
Pirre,949-68-3836
Harlow,978-20-8984
Blowe,945-75-9852
Godbout,960-13-9505
Ferreyra,994-76-9035
Tharrington,906-31-5228
Excell,946-59-8363
Olynger,907-41-8142
Heinold,959-23-2846
Stutts,901-28-7722
Beulah,904-22-3169
Herskovits,902-89-4242
Raine,952-43-5452
Stephenson,993-87-5979
Schuch,961-51-4072
Korman,995-64-7338
Haushalter,957-62-2787
Kotek,995-43-8820
Samantha,925-32-2839
Lattig,987-71-3852
Marolf,925-16-9620
Fesus,958-63-3359
Gala,997-22-3232
Macbeth,939-49-3016
Hurde,981-19-5503
Reinard,948-47-2159
Kortkamp,951-45-9829
Vail,903-88-1117
Anakalea,977-53-8371
Manson,906-69-1943
Bartrop,988-97-4732
Lebeaux,983-27-5134
Pfaffinger,940-46-6959
Pullam,905-82-7414
Gobin,955-16-9009
Napps,946-85-1658
Dunne,961-84-2979
Gioffre,900-14-8327
Piening,906-33-4566
Colombe,955-26-4390
Manzanilla,989-51-1112
Mccurtain,914-99-2501
Trausch,974-32-9725
Kolle,957-12-8163
Tietje,944-14-4345
Hakala,989-86-1263
Kaloudis,958-25-3741
Wrenn,952-70-7697
MINSON,666764730
Paget,920-43-5379
Bondroff,996-55-1269
Schapp,934-72-4881
Oppenheim,919-12-9695
Gradney,922-55-9841
Hoesly,990-18-5637
Cannan,958-93-6745
Jennison,993-53-7803
Wormley,964-19-4455
Voegeli,956-76-8847
Maresh,982-55-9197
Schmier,970-18-1346
Delp,923-22-5410
Kosters,979-64-4752
Cogswell,990-21-6669
Piermont,980-47-6891
Hassler,994-42-4653
Murzyn,998-82-9934
Franich,905-70-5059
Trumbore,946-88-1372
Jett,927-73-1570
Hail,970-92-5911
ALLERMAN,952327784
Barco,998-57-8714
Mcphie,903-56-4683
Laster,957-46-5626
Coletta,998-18-9746
Lohmiller,961-38-7286
Jerrel,935-19-1087
Leemow,957-58-1268
Syphard,929-25-7783
Ozburn,947-70-3650
Gubbins,996-60-6153
Cozort,940-45-1500
Jaroski,900-39-5519
Naki,923-59-5431
Hudek,915-40-1188
Lanka,904-87-6292
Loeschner,986-53-5302
Rackers,967-33-3087
Schimler,981-44-6972
Smeltzer,998-32-3350
Dejaeger,917-60-6125
Holubar,979-22-1967
Zoglmann,981-22-4249
Fetherolf,971-85-6669
Stimac,937-34-4405
Wick,900-54-2401
Tredennick,905-94-9042
Colicchio,934-17-3039
Macconaghy,986-62-1762
Feickert,973-47-7568
Lechliter,952-47-7774
Balas,916-59-7328
Quillan,945-94-7306
Sedler,989-59-9356
Simper,942-53-8942
Menden,973-58-8254
Skeesick,938-39-6537
Nichter,951-70-8862
Coburn,987-80-5902
Iverson,957-22-8564
Odeh,946-80-8050
BESEMER,937506920
Krylo,929-43-8095
Kinsland,921-61-6038
Sowa,992-70-8085
