device,event,ts,source,user
macOS,warranty,1593878946592100,google107379500
Windows,press,1593877011756530,google107359357
macOS,add_item,1593878815459100,youtube107375547
iOS,widget,1593878809276920,facebook107370581
Windows,widget,1593878628143630,google107377108
Windows,std,1593878634344190,youtube107377161
iOS,std,1593877936171800,direct107370851
macOS,std,1593876843215320,instagram107360961
Android,warranty,1593879213196400,instagram107376205
Windows,std,1593876713246510,facebook107359805
iOS,original,1593878170903980,google107369909
Linux,std,1593878036347570,direct107371743
Android,down,1593879125815750,facebook107380961
Linux,std,1593878672173080,google107377487
macOS,std,1593876429415450,google107357350
iOS,widget,1593876687337580,google107359573
macOS,premium,1593877973962430,instagram107364368
Windows,reviews,1593876944661570,direct107357467
iOS,original,1593877788141760,google107369512
iOS,std,1593877497207410,facebook107365065
Android,std,1593877271099450,direct107364813
iOS,reviews,1593878356880850,facebook107374663
Android,std,1593879239050620,direct107382638
Windows,widget,1593877608354600,google107367922
Android,cart,1593878899159800,google107366779
Windows,cart,1593879003979440,direct107374215
macOS,std,1593879039209040,direct107380780
iOS,std,1593876687186210,facebook107359571
macOS,faq,1593878984168460,direct107376278
macOS,widget,1593877076686130,facebook107363006
iOS,std,1593876831949690,google107360852
Windows,gizmo,1593879086932080,instagram107381241
macOS,std,1593878642524450,facebook107377238
Linux,std,1593877977050660,instagram107371192
Windows,gizmo,1593877512951670,direct107367048
Windows,widget,1593878914256160,google107379637
Android,warranty,1593878620744970,instagram107371070
Windows,gizmo,1593878751138630,google107378173
iOS,foam,1593878206468770,direct107373270
Windows,std,1593878429326700,google107375316
Android,checkout,1593879230950220,facebook107374020
Android,widget,1593876443386820,google107357480
Chrome OS,warranty,1593878823421230,google107364704
Windows,std,1593877041350730,google107362707
Android,widget,1593879240812000,facebook107372672
Chrome OS,std,1593878466349930,facebook107375642
macOS,gizmo,1593879057039250,direct107380952
macOS,original,1593878472750950,google107370829
macOS,cart,1593877376501740,youtube107361649
Windows,std,1593878661450140,email107377392
Linux,add_item,1593878675942460,google107360196
macOS,original,1593877134114880,facebook107363249
Windows,careers,1593878120615510,google107372505
Android,warranty,1593878762928250,email107358569
Windows,delivery,1593878852225490,youtube107378924
macOS,widget,1593879062248620,facebook107380991
iOS,std,1593876967068480,google107361989
macOS,std,1593876568876930,facebook107358571
Linux,press,1593877572231600,email107366349
Android,original,1593878535553520,google107370853
Chrome OS,std,1593878981312640,google107380222
Android,widget,1593877756506920,google107368830
Android,add_item,1593879138472810,direct107380441
iOS,std,1593877868268840,instagram107370279
iOS,std,1593878487566050,instagram107375824
Windows,warranty,1593877853146500,facebook107369710
Windows,std,1593878946329880,google107379918
Android,cart,1593878826433750,youtube107361970
Chrome OS,std,1593876424543290,facebook107357319
Windows,std,1593876685393620,google107359552
iOS,register,1593879116208640,direct107368410
macOS,checkout,1593877871752270,facebook107369252
Windows,std,1593878639879300,google107377217
Android,reviews,1593879288072300,youtube107382225
iOS,press,1593878587026760,youtube107371554
macOS,gizmo,1593876430929930,google107357359
Chrome OS,original,1593876953877750,google107361812
macOS,add_item,1593878872298440,google107377843
Android,premium,1593877636821560,google107358307
Linux,widget,1593878300547270,google107374194
macOS,gizmo,1593877254607020,email107364642
macOS,std,1593877653737070,facebook107368326
Windows,std,1593876743752300,instagram107360046
Chrome OS,add_item,1593878426477350,google107361826
iOS,original,1593878502578660,youtube107363816
iOS,std,1593877910000850,facebook107370641
Android,premium,1593878582714210,google107376495
Android,guest,1593878513487680,google107372186
Android,std,1593877367598010,facebook107365658
iOS,original,1593877512540410,direct107360336
Android,std,1593878005107990,email107371458
macOS,delivery,1593877115635440,facebook107359727
Windows,std,1593878994662660,google107380353
iOS,warranty,1593877074207040,google107362695
Android,gizmo,1593878250659780,direct107373722
iOS,warranty,1593879264007330,instagram107382278
iOS,std,1593879094573750,google107381321
Windows,std,1593878435584750,google107375378
Windows,premium,1593878953436780,youtube107378202
macOS,std,1593879021733080,google107380610
Windows,gizmo,1593876568939190,youtube107358069
macOS,std,1593876801153020,google107360551
iOS,std,1593877582388420,google107367705
Android,reviews,1593878469539920,email107371057
Android,std,1593877611097580,facebook107367938
Linux,warranty,1593878526307020,instagram107373956
Android,std,1593877614480890,google107367963
Android,widget,1593878371068450,google107374820
macOS,delivery,1593878886308650,google107375426
macOS,std,1593876737171050,google107359991
Android,std,1593878751455100,email107378178
Android,std,1593878790530550,instagram107378521
macOS,std,1593877477145330,facebook107366709
Windows,std,1593879077356090,direct107381140
macOS,guest,1593879174364990,google107375805
Linux,careers,1593877752659960,instagram107369237
Windows,add_item,1593877202786160,youtube107361827
macOS,cart,1593877878043590,direct107363382
Android,std,1593879260210500,facebook107382864
Android,std,1593876813143800,email107360669
Android,email_coupon,1593876823191390,direct107358089
macOS,gizmo,1593877788888490,google107364370
macOS,guest,1593878252433520,google107364350
Windows,std,1593877995589500,google107371380
Android,std,1593877461533420,google107366547
Windows,add_item,1593877660687380,email107359535
Android,original,1593879018964260,google107379188
iOS,widget,1593879261047510,youtube107382872
Windows,gizmo,1593876776919890,instagram107360337
iOS,std,1593878560802120,direct107376481
macOS,std,1593876707066050,direct107359755
iOS,premium,1593878220055230,google107369580
iOS,add_item,1593878009367960,instagram107370279
iOS,std,1593876700914700,youtube107359699
Windows,gizmo,1593877025398230,google107362550
Chrome OS,add_item,1593876831113640,google107358411
Chrome OS,std,1593877728446330,google107369024
Chrome OS,std,1593879068011510,facebook107381041
Linux,std,1593877063514770,google107362902
iOS,std,1593876498259820,facebook107357951
iOS,widget,1593877934786120,direct107370837
Android,std,1593878370216320,google107374815
Windows,std,1593877745345220,facebook107369177
Linux,std,1593878205135660,google107373278
Chrome OS,std,1593876731975090,google107359942
Windows,std,1593877136945500,google107363555
Linux,press,1593878328036470,google107374406
macOS,std,1593877744651840,google107369171
Windows,guest,1593879061657300,google107372452
iOS,careers,1593878541308170,google107368898
Android,email_coupon,1593878495137700,google107373534
Linux,email_coupon,1593878611774580,direct107376770
Android,premium,1593876609208540,direct107358016
iOS,std,1593876897174200,facebook107361415
macOS,reviews,1593878931540510,google107371892
Windows,std,1593877982117810,google107371237
macOS,gizmo,1593878920420780,facebook107379685
Android,gizmo,1593877979471110,google107371220
macOS,add_item,1593877434645730,google107361395
iOS,std,1593878734159200,google107378018
Android,delivery,1593877318028900,google107362908
Windows,widget,1593878450883560,instagram107363749
Android,std,1593876510880040,google107358073
iOS,std,1593878997841700,google107380379
Chrome OS,std,1593878576659860,facebook107376638
Windows,std,1593877515024960,instagram107367064
Android,original,1593878903769000,google107358756
iOS,widget,1593877230211540,google107364431
Windows,widget,1593877274331720,facebook107364843
Android,original,1593877159769340,google107363336
macOS,std,1593876915889350,instagram107361550
Android,widget,1593878813449760,instagram107378724
Linux,foam,1593877705940170,google107364194
Windows,std,1593876937549560,google107361741
Android,original,1593877627314530,facebook107365811
iOS,widget,1593878985786840,google107372538
Windows,std,1593877074562360,facebook107362994
iOS,std,1593879156628480,google107381882
macOS,checkout,1593877624253600,google107359587
iOS,std,1593876819028200,facebook107360738
iOS,checkout,1593879119708230,direct107367139
Android,delivery,1593878949066780,youtube107376764
macOS,std,1593878358805210,google107374704
Android,delivery,1593876593797690,google107358217
Linux,std,1593876982202950,direct107362153
Chrome OS,warranty,1593877589123800,google107367085
macOS,std,1593876800257130,facebook107360541
Windows,widget,1593879104378190,facebook107378482
Chrome OS,gizmo,1593877095165520,google107363145
Windows,gizmo,1593877375264400,email107365740
Linux,premium,1593878009169990,email107367199
iOS,std,1593876533544540,google107358272
Windows,original,1593878478627100,google107374722
Windows,std,1593877640603180,instagram107368195
Chrome OS,gizmo,1593877247155620,google107364586
Android,std,1593876521422710,google107358180
iOS,std,1593876725175640,direct107359895
Chrome OS,widget,1593876538974940,google107358324
macOS,std,1593877905642030,direct107370607
Chrome OS,email_coupon,1593876735532070,google107359191
iOS,std,1593878006012620,facebook107371466
Android,widget,1593877447196130,facebook107366405
macOS,email_coupon,1593878420518450,facebook107362680
Android,cart,1593877837892490,google107364548
Android,register,1593878880703230,google107374549
Windows,std,1593877028064190,google107362572
macOS,std,1593879115757680,direct107381492
Windows,std,1593878112373160,google107372427
Chrome OS,std,1593876710473260,google107359781
macOS,gizmo,1593877269544530,facebook107364797
iOS,email_coupon,1593879207752500,google107378752
iOS,std,1593878557625640,google107376451
Windows,widget,1593878814320380,facebook107364141
Windows,std,1593876858963280,facebook107361094
Linux,std,1593878943835750,google107379891
Linux,add_item,1593877050370180,instagram107360441
Android,widget,1593879137656920,google107381694
Windows,std,1593876495933380,facebook107357933
macOS,std,1593878961829420,facebook107380069
Windows,std,1593878009586470,facebook107371502
Windows,widget,1593877688034150,instagram107368650
Android,original,1593876843202190,direct107359533
iOS,gizmo,1593876805454500,facebook107360584
Chrome OS,std,1593877102287710,google107363225
Linux,std,1593877525272210,google107367153
Android,std,1593878827366680,instagram107378859
Windows,delivery,1593877080951080,google107359064
macOS,email_coupon,1593878310403520,google107365375
Android,checkout,1593878127001130,facebook107362385
Windows,std,1593877998166440,facebook107371405
macOS,faq,1593878414895720,google107374565
Android,warranty,1593878548059890,instagram107375087
macOS,std,1593877047003430,google107362773
Chrome OS,email_coupon,1593878979661790,google107375637
Chrome OS,std,1593879071259880,google107381077
Android,email_coupon,1593877587530130,google107360645
macOS,std,1593876550825640,instagram107358433
iOS,widget,1593877882389860,google107370419
macOS,gizmo,1593876677934270,instagram107359493
Android,add_item,1593879153583240,facebook107366924
macOS,widget,1593877238945480,google107364185
Android,gizmo,1593878024261210,google107371643
iOS,std,1593877565296940,facebook107367532
Chrome OS,delivery,1593877778019030,google107364226
macOS,std,1593877028472380,google107362575
Windows,premium,1593878193789440,google107372605
Android,gizmo,1593877945448980,facebook107370926
macOS,widget,1593878908944710,google107379587
Android,delivery,1593879022436530,direct107359824
macOS,careers,1593879068358780,direct107380522
macOS,gizmo,1593878669155900,google107376346
macOS,widget,1593879219997930,google107372120
Chrome OS,checkout,1593877976938930,google107359032
Linux,add_item,1593876781634360,facebook107360110
Android,std,1593877839219030,youtube107370024
Windows,widget,1593878167069530,instagram107365142
Chrome OS,std,1593876518458000,facebook107358141
macOS,email_coupon,1593878681737200,instagram107376484
macOS,premium,1593879039689850,youtube107358058
iOS,std,1593878550821770,instagram107376389
Windows,delivery,1593878888729110,youtube107378341
Windows,std,1593876586785010,google107358711
macOS,std,1593879183312730,direct107382128
iOS,guest,1593879177467690,google107366503
Android,down,1593878258385750,email107371028
Windows,std,1593878574142240,youtube107376624
iOS,std,1593878193351810,instagram107373152
Android,faq,1593878789257660,facebook107360510
iOS,widget,1593877237924210,facebook107364509
macOS,original,1593878425328180,instagram107364180
macOS,foam,1593878677502710,facebook107377443
Android,widget,1593877456605000,direct107366498
Windows,std,1593877623435990,google107368043
Android,email_coupon,1593877494488440,instagram107366852
macOS,std,1593878244749790,email107373673
Windows,premium,1593877582493990,facebook107362830
Android,std,1593877918371530,facebook107370701
iOS,std,1593878639205250,facebook107377209
macOS,email_coupon,1593878318566110,facebook107361876
macOS,widget,1593876829102530,email107360821
Chrome OS,original,1593877109612820,google107362185
macOS,email_coupon,1593879060229410,facebook107366982
iOS,std,1593877368040380,facebook107364907
Windows,cart,1593877501540110,instagram107362759
Android,checkout,1593878957081440,google107361452
macOS,std,1593877189739000,facebook107364035
Windows,widget,1593878673677150,facebook107377500
Chrome OS,std,1593878346892320,google107374600
Android,gizmo,1593877831444920,google107369950
macOS,checkout,1593877457933580,facebook107358303
macOS,premium,1593878684534370,email107371825
Android,guest,1593876943045600,google107360226
macOS,add_item,1593879075211290,google107380218
iOS,original,1593877995273970,google107367522
macOS,premium,1593877585964250,instagram107363587
Android,std,1593877727786840,google107369016
Android,premium,1593877441914760,facebook107366283
iOS,std,1593879126407130,facebook107381582
macOS,std,1593878281228380,google107374003
Linux,gizmo,1593877518041710,facebook107365159
macOS,email_coupon,1593879210269790,google107372771
Android,widget,1593878671273150,google107377475
Windows,delivery,1593878208195890,direct107371843
iOS,std,1593879113540880,google107381480
Android,press,1593878566683540,instagram107367338
iOS,warranty,1593876749313450,instagram107358614
iOS,std,1593877932169700,google107370822
Windows,std,1593879123394320,google107381565
Chrome OS,widget,1593879184036960,facebook107382139
iOS,press,1593878600807470,instagram107363510
Chrome OS,down,1593877262342980,google107363146
Android,std,1593878759983590,google107378253
iOS,cc_info,1593879082848270,google107367565
Chrome OS,widget,1593878424557690,facebook107375000
iOS,std,1593876774934260,email107360316
macOS,original,1593877620109300,google107365055
Chrome OS,std,1593877050078610,instagram107362792
iOS,std,1593879294534450,youtube107383171
Linux,std,1593877777437510,google107369464
Chrome OS,shipping_info,1593877591033640,google107358772
Android,widget,1593878711738960,email107377829
iOS,down,1593878155847290,google107369143
Windows,checkout,1593878468117710,google107364836
Android,cart,1593878632959950,google107375397
Linux,std,1593878286915500,facebook107374064
Android,widget,1593878718745030,direct107377892
Android,std,1593876568821480,instagram107358570
iOS,add_item,1593879262828020,instagram107369339
Android,cart,1593878174939090,instagram107361978
Windows,down,1593878202630410,google107371633
macOS,add_item,1593876876866650,google107360704
Android,std,1593878511225550,youtube107376048
Linux,std,1593876766484590,google107360244
macOS,std,1593877788724310,youtube107369565
Android,std,1593878814518080,youtube107378736
Windows,checkout,1593878209478960,google107372452
Android,std,1593878506259200,instagram107375996
Windows,warranty,1593878158947820,google107369883
Android,std,1593879169421020,direct107382001
Chrome OS,cart,1593877392189130,google107361134
macOS,std,1593877030039210,instagram107362582
iOS,gizmo,1593877451225280,direct107366441
iOS,std,1593878880669330,google107379345
iOS,widget,1593879035629830,facebook107380738
Chrome OS,std,1593878557124390,google107376444
iOS,std,1593877212720040,google107364245
Windows,faq,1593878098342760,google107366935
Linux,original,1593877183161900,facebook107359768
iOS,std,1593878093608630,google107372277
macOS,std,1593879154503110,direct107381854
iOS,widget,1593878886686000,facebook107379395
Linux,cart,1593877442856090,google107358851
Chrome OS,std,1593879042991570,google107380817
Android,std,1593879150228740,youtube107381817
macOS,original,1593878550545680,youtube107364089
Android,press,1593878470829110,google107375374
Windows,email_coupon,1593877542118810,google107367251
iOS,reviews,1593878097810160,youtube107367119
Windows,delivery,1593879115272030,facebook107380771
Windows,widget,1593877619854680,google107368020
Chrome OS,std,1593876790264010,google107360444
Windows,std,1593877629765850,google107368102
Windows,email_coupon,1593877095533530,facebook107362195
Windows,gizmo,1593878129944970,instagram107372587
Android,faq,1593877333698670,email107362493
Android,std,1593878227503170,google107373505
Android,std,1593877542146100,facebook107367303
Android,std,1593878335491990,google107374498
Chrome OS,premium,1593878666608490,google107364310
iOS,email_coupon,1593877831102400,google107362143
Android,original,1593879188598880,google107380829
Android,original,1593877641558740,google107368003
iOS,std,1593876685062000,facebook107359549
macOS,widget,1593878009227510,google107371498
macOS,std,1593877027181710,direct107362563
Windows,warranty,1593876973817560,google107360450
Android,std,1593878857995380,google107379147
Android,std,1593878346740080,direct107374599
Chrome OS,premium,1593877299201240,facebook107364962
Windows,std,1593877195052240,facebook107364082
Android,faq,1593878019888590,facebook107371453
Android,std,1593877934407050,youtube107370833
iOS,gizmo,1593877768510870,google107369382
iOS,add_item,1593878561289810,google107376462
Android,widget,1593877584051510,youtube107367723
macOS,widget,1593877711570550,youtube107368859
macOS,std,1593877014578390,youtube107362430
Android,std,1593877487443880,instagram107366805
Android,std,1593876911007100,facebook107361523
Linux,add_item,1593878696191730,google107372597
Linux,checkout,1593878759210750,instagram107369237
Android,delivery,1593877539697360,facebook107362083
iOS,std,1593877410619700,google107366054
macOS,widget,1593878848359610,youtube107377959
macOS,std,1593877665021030,facebook107368435
Android,std,1593879113325940,facebook107381478
macOS,std,1593878563537470,google107359580
Windows,gizmo,1593877939224740,google107370886
Android,add_item,1593876676093430,google107358785
iOS,widget,1593877493809040,google107366863
Android,gizmo,1593878578325650,google107364456
Android,gizmo,1593877587629070,google107366484
iOS,std,1593878386851570,facebook107374945
Android,foam,1593878819155740,google107374348
Android,warranty,1593877514549200,google107366521
Chrome OS,gizmo,1593877740198980,google107369137
Windows,delivery,1593878642139210,facebook107377214
iOS,gizmo,1593878998699980,youtube107380385
Linux,std,1593878274713270,google107373954
macOS,delivery,1593877867810470,google107368184
iOS,std,1593879269322740,google107382951
Windows,warranty,1593878633212010,facebook107369289
Chrome OS,premium,1593878032984840,direct107370997
macOS,faq,1593879088666800,youtube107377045
Android,warranty,1593877024571630,youtube107362072
Android,widget,1593878040378990,direct107371779
macOS,premium,1593877200824160,facebook107359592
Android,std,1593877091265150,instagram107363133
macOS,press,1593878506336640,youtube107362961
Linux,checkout,1593879233935770,google107369986
Chrome OS,add_item,1593878228783100,direct107373332
iOS,gizmo,1593877481219880,youtube107366746
Linux,std,1593878639665730,facebook107377216
iOS,std,1593877282177910,facebook107364907
iOS,add_item,1593877811684270,youtube107366543
Android,add_item,1593877609143070,instagram107366331
Linux,std,1593876914586950,email107361538
Windows,std,1593878706274420,direct107377788
macOS,gizmo,1593878204339970,direct107373272
Windows,add_item,1593878798333210,google107376254
Android,std,1593878728796450,google107377969
Chrome OS,original,1593878041569570,email107371670
macOS,gizmo,1593878738123320,google107378063
iOS,add_item,1593878056876200,youtube107370604
Chrome OS,std,1593878702367680,google107377756
macOS,std,1593879279827800,google107383051
Linux,std,1593876785246930,instagram107360407
Linux,std,1593877036208390,google107362645
Chrome OS,add_item,1593877995639450,facebook107365610
Windows,gizmo,1593877870187430,youtube107370296
iOS,careers,1593877813020180,google107369770
macOS,std,1593877202582210,facebook107364150
Android,widget,1593878637641530,instagram107377196
Chrome OS,std,1593878189130570,google107373112
Android,std,1593877402458240,direct107365978
iOS,std,1593877474174980,instagram107366673
Android,warranty,1593878239014600,google107370329
macOS,email_coupon,1593877597651810,google107364789
Windows,cart,1593878198629800,google107372452
Android,std,1593877988762130,facebook107371314
macOS,add_item,1593878139481310,google107372171
iOS,std,1593876759007800,direct107360169
Linux,gizmo,1593878548382510,facebook107376361
Chrome OS,widget,1593878111046740,instagram107372420
macOS,premium,1593878206469490,google107366327
Windows,warranty,1593876953722340,google107361651
iOS,warranty,1593877613344590,google107363671
Windows,gizmo,1593876487660800,facebook107357874
Linux,add_item,1593878732513710,facebook107377173
Android,std,1593877034856570,google107362634
iOS,std,1593876974935320,instagram107362086
Windows,std,1593879049528870,email107380882
macOS,widget,1593878096007060,google107372299
Android,foam,1593877470149290,instagram107362299
iOS,add_item,1593877209614280,google107364184
Chrome OS,gizmo,1593877348828640,google107365509
Windows,std,1593876808223830,direct107360619
iOS,original,1593877412391090,instagram107359298
macOS,add_item,1593877940099360,google107367018
macOS,std,1593877977778540,facebook107371202
macOS,gizmo,1593876558332180,facebook107357720
Windows,std,1593876433927540,google107357392
macOS,down,1593877969123360,direct107364985
Android,premium,1593878554497680,instagram107375076
Linux,std,1593878969313620,google107380123
macOS,widget,1593877835501240,direct107369988
Android,widget,1593877664870020,instagram107368433
iOS,widget,1593877667979480,instagram107368462
iOS,std,1593878194702700,facebook107373165
Windows,gizmo,1593877560805480,google107367477
Chrome OS,std,1593877879178010,email107370387
iOS,warranty,1593877973586750,instagram107370774
iOS,add_item,1593877146591100,google107358915
Android,std,1593877363692450,instagram107365624
macOS,careers,1593879058460450,direct107380722
iOS,reviews,1593877840841580,direct107367905
Linux,warranty,1593876736366050,google107359340
Android,std,1593877225129450,facebook107364375
macOS,cart,1593878306332890,google107357572
Android,widget,1593877366926950,facebook107365652
iOS,widget,1593878424460770,google107375266
macOS,delivery,1593877521499220,email107363847
Linux,std,1593877994697630,direct107371371
macOS,gizmo,1593876885969170,google107361203
macOS,std,1593876984633230,direct107362181
Android,gizmo,1593876741512380,direct107360031
Android,std,1593876829870030,instagram107360827
Chrome OS,delivery,1593877983468240,direct107371124
Windows,delivery,1593877534409000,email107362333
macOS,cart,1593878765335890,instagram107377693
Windows,add_item,1593877451289310,facebook107365009
Windows,widget,1593877583777500,facebook107367721
Linux,add_item,1593877213992610,facebook107364230
iOS,email_coupon,1593879009091320,google107378908
macOS,premium,1593878792524370,direct107378459
macOS,std,1593878002467360,google107371441
Android,widget,1593876651542050,facebook107358386
Android,std,1593878135788450,google107372642
Windows,checkout,1593877439172820,facebook107358445
Chrome OS,std,1593878593644150,google107376783
Chrome OS,premium,1593878400650130,facebook107374813
Linux,std,1593878552656360,google107361273
iOS,std,1593878364061950,direct107374760
Windows,careers,1593878764520050,youtube107378291
iOS,reviews,1593878627629470,facebook107376063
macOS,original,1593877420324910,google107366026
Linux,std,1593876923588930,google107361614
Android,std,1593877502565620,youtube107366948
Android,premium,1593878270435750,google107373891
Windows,widget,1593877889010920,instagram107370469
Linux,std,1593878855869570,email107379130
macOS,gizmo,1593878576718200,facebook107376639
iOS,warranty,1593878820098440,facebook107367269
Android,std,1593876808611980,google107360624
macOS,std,1593878049757940,instagram107371862
Android,checkout,1593878375438260,direct107367735
iOS,login,1593878911087180,facebook107371286
Android,email_coupon,1593878499011090,facebook107364786
Linux,widget,1593878571041660,facebook107374707
Linux,premium,1593878379399430,instagram107373556
Android,std,1593878817016330,instagram107378765
Windows,std,1593876967412180,youtube107361993
Windows,add_item,1593879042956890,google107371022
Windows,gizmo,1593879162776510,email107381942
Windows,std,1593876810884900,email107360646
Windows,widget,1593876781537290,email107360379
iOS,std,1593877097841460,google107363192
Android,widget,1593878764023900,google107377012
iOS,widget,1593879291978080,instagram107383149
Android,gizmo,1593877804525710,instagram107369705
Windows,std,1593878464857810,google107375627
Windows,std,1593877723622150,google107368975
Android,premium,1593878777298500,email107365819
iOS,std,1593878153416470,google107372764
macOS,shipping_info,1593878247164440,facebook107364649
macOS,foam,1593879040328840,youtube107369787
iOS,checkout,1593878190851610,direct107357307
Chrome OS,guest,1593878010318810,instagram107363218
Windows,cart,1593878373098920,facebook107374613
Android,std,1593879228125080,facebook107382532
iOS,std,1593877001288340,facebook107362306
macOS,reviews,1593878037120970,google107368046
iOS,widget,1593876752962940,email107360112
iOS,widget,1593878397739230,email107375035
Android,std,1593878612453360,google107376944
Windows,premium,1593877604776880,google107358442
Chrome OS,widget,1593877861698470,google107370218
iOS,faq,1593878264132930,google107362101
iOS,std,1593877347315860,facebook107365494
Android,std,1593877960035440,google107369256
Android,std,1593877748918420,google107369211
iOS,original,1593877327479820,facebook107364223
macOS,std,1593878443458030,google107375438
Linux,faq,1593877710084260,google107364129
iOS,widget,1593876585998960,facebook107358702
Linux,faq,1593879023263320,instagram107379256
iOS,widget,1593877793896270,google107369613
iOS,std,1593877878846910,youtube107370381
Chrome OS,std,1593878757093480,email107378235
Windows,std,1593877289726090,google107364966
Windows,std,1593878640274590,google107377220
Android,std,1593877604635490,google107367895
macOS,delivery,1593878424957160,instagram107362187
iOS,premium,1593877445670950,facebook107365065
Linux,std,1593877458543420,facebook107366513
Android,std,1593876588375660,facebook107358729
macOS,add_item,1593877506172010,facebook107363247
Android,widget,1593877728195190,google107368928
Windows,add_item,1593878524673710,google107374424
Windows,original,1593877668169020,google107368082
iOS,foam,1593878760819050,instagram107367207
Android,widget,1593878977054530,google107380179
Android,premium,1593878935220510,google107378558
Windows,std,1593878535502530,google107376254
macOS,std,1593878199707560,google107373218
Linux,std,1593877369005110,google107365673
iOS,std,1593878467477070,email107375654
Android,careers,1593877018618120,google107362473
iOS,add_item,1593878259225630,youtube107373616
iOS,email_coupon,1593879132669960,google107369290
Android,premium,1593878662269560,youtube107369105
macOS,std,1593876638701010,direct107359145
Windows,careers,1593877361796220,google107365607
Android,widget,1593877811403380,youtube107369759
Windows,std,1593879189817440,facebook107382182
Android,add_item,1593877236555440,direct107364474
iOS,press,1593878679538650,email107369715
Android,gizmo,1593877497159430,youtube107366903
iOS,press,1593878941603830,google107378989
Windows,std,1593879146546100,google107381775
Android,add_item,1593877060099840,email107361485
iOS,std,1593878737789760,youtube107378057
Windows,original,1593878292745890,google107373156
macOS,widget,1593877537961610,facebook107367259
Chrome OS,std,1593878259684460,google107373808
Android,std,1593876762185850,facebook107360200
Chrome OS,std,1593879114601020,youtube107381486
Linux,std,1593878241807950,google107373654
macOS,original,1593879214616470,instagram107382250
Linux,reviews,1593876817395290,google107360687
Windows,faq,1593877872012630,youtube107365236
iOS,warranty,1593877992679450,facebook107370406
Linux,std,1593877738012300,facebook107369118
macOS,gizmo,1593877772939310,youtube107369426
iOS,std,1593879241858140,email107382670
Chrome OS,widget,1593879292752900,direct107377488
Android,reviews,1593877701370410,google107366811
iOS,std,1593877525888830,google107367158
macOS,widget,1593876477814100,email107357760
Android,widget,1593877724213330,google107368983
iOS,gizmo,1593876606508110,google107358881
Linux,std,1593876884762300,facebook107361305
macOS,widget,1593877173726200,direct107363885
Android,gizmo,1593878796405100,direct107378569
macOS,std,1593877442090400,google107366356
Android,email_coupon,1593877427614320,instagram107365315
Windows,faq,1593878753783150,instagram107378132
macOS,std,1593878390303580,google107374978
Android,premium,1593877965303210,facebook107371062
macOS,std,1593877779508380,direct107369486
Windows,down,1593877339355280,google107359417
Windows,std,1593877657733930,youtube107368370
macOS,std,1593878711557310,google107377828
Linux,gizmo,1593876539232730,direct107358328
Linux,gizmo,1593877752973520,facebook107369241
Android,warranty,1593878903496730,facebook107377331
macOS,widget,1593877730438700,facebook107369042
Android,std,1593879130904280,facebook107381623
Android,std,1593876698471370,google107359674
Android,std,1593876673726350,youtube107359456
Windows,widget,1593878348698170,facebook107374613
Windows,gizmo,1593877839378180,facebook107370029
Chrome OS,widget,1593878203705640,facebook107370558
Android,checkout,1593878155653430,facebook107363062
Windows,std,1593878763908980,google107378287
macOS,widget,1593878552614530,google107366087
Windows,std,1593877026655800,instagram107362559
Android,widget,1593877516944730,direct107367084
Windows,std,1593877447740730,email107366411
Windows,std,1593878169525340,google107372919
Android,faq,1593877769996340,google107367929
iOS,faq,1593878393421150,youtube107373193
macOS,gizmo,1593878704179500,facebook107377772
Chrome OS,widget,1593878073382730,google107372093
iOS,careers,1593876667593310,facebook107359399
iOS,email_coupon,1593877805122570,direct107357873
iOS,delivery,1593877100396440,youtube107363143
Android,reviews,1593879050861520,instagram107380686
macOS,std,1593878352950230,instagram107374662
Android,std,1593877126044730,youtube107363446
macOS,std,1593876729311120,instagram107359927
Android,std,1593878841385640,google107378996
iOS,gizmo,1593879111336370,google107381458
Windows,std,1593878673703980,google107377502
Windows,premium,1593878984079280,facebook107362989
macOS,std,1593878028852760,direct107371687
Android,press,1593878223705620,facebook107363138
Android,std,1593876971891420,facebook107362048
Android,cart,1593877622070780,direct107364922
Android,std,1593878661128110,google107377389
macOS,widget,1593878486487470,google107375806
macOS,std,1593877951977730,google107370975
macOS,std,1593877208334880,google107364201
macOS,original,1593878530818820,google107376151
Windows,std,1593876563002650,youtube107358537
Windows,std,1593876858681140,youtube107361089
Chrome OS,gizmo,1593878532244470,google107363819
Chrome OS,cc_info,1593879146319690,instagram107363667
macOS,gizmo,1593877600890320,instagram107363962
macOS,std,1593876851846880,direct107361031
iOS,widget,1593877906094540,google107370613
Windows,widget,1593877749827670,google107362234
Android,warranty,1593878833269710,google107365927
Linux,std,1593876438161680,google107357432
Chrome OS,gizmo,1593877497071210,google107366902
iOS,gizmo,1593877012275750,google107362405
macOS,checkout,1593878274772770,google107367657
Windows,std,1593876970326420,google107362030
Chrome OS,std,1593877427750790,instagram107366233
iOS,add_item,1593879204025330,youtube107370944
macOS,press,1593879134221020,facebook107379056
macOS,std,1593878846516640,direct107379042
iOS,widget,1593876613097870,direct107358934
Android,email_coupon,1593877138778030,facebook107360627
Chrome OS,std,1593877520178540,google107367118
macOS,widget,1593878900579940,google107379512
iOS,std,1593878584249870,instagram107376699
Linux,faq,1593877911486560,facebook107363611
Linux,add_item,1593878144228090,facebook107365765
Chrome OS,add_item,1593879229326700,direct107382486
iOS,add_item,1593876984090470,instagram107360006
Android,gizmo,1593878259415960,google107373806
Android,faq,1593877791038090,email107369459
iOS,std,1593878026901800,google107371672
Android,std,1593876541938470,instagram107358350
iOS,widget,1593876583790350,instagram107358681
Windows,std,1593876960574000,google107361929
macOS,std,1593877689056110,youtube107368655
iOS,std,1593876982523850,instagram107362158
Linux,premium,1593877599965620,instagram107360872
Windows,original,1593879043524180,instagram107376475
macOS,add_item,1593878959640010,google107378392
Android,original,1593879276831590,youtube107382965
macOS,widget,1593879220574180,facebook107382478
Chrome OS,std,1593876705920970,instagram107359750
Android,std,1593877712162720,instagram107368863
iOS,delivery,1593878116057250,direct107371433
iOS,std,1593878686535750,facebook107377601
Android,widget,1593878132697380,google107366044
Windows,gizmo,1593877490080720,facebook107366824
Android,std,1593877782839610,facebook107369523
macOS,shipping_info,1593878767234880,facebook107361842
Android,checkout,1593877214434320,google107359237
iOS,add_item,1593878095698030,google107367514
Android,original,1593879079600640,direct107373722
Android,std,1593876642993050,instagram107359190
macOS,careers,1593878158213070,google107372811
Android,std,1593878873283910,facebook107376654
Android,std,1593878492534430,email107375865
Windows,std,1593878901919130,direct107379525
Android,std,1593878157516730,google107372804
Chrome OS,gizmo,1593877996022160,google107371387
Windows,std,1593879194190590,direct107382222
macOS,original,1593878477753350,email107363091
Android,checkout,1593878312755620,google107359809
macOS,email_coupon,1593878995824720,google107380223
Linux,reviews,1593877928721800,google107368687
macOS,std,1593878505337190,google107375990
macOS,std,1593878545249550,direct107365949
Android,email_coupon,1593877716751070,facebook107364012
Android,std,1593879215206530,facebook107382433
Android,widget,1593877603600290,facebook107367882
Android,std,1593878791331020,youtube107361034
Windows,faq,1593878207356730,google107368790
macOS,widget,1593877218563680,direct107364318
Windows,original,1593877487820620,facebook107363481
iOS,gizmo,1593878002395860,google107361873
Windows,std,1593876994556000,direct107358714
macOS,std,1593878010100340,instagram107371506
Linux,email_coupon,1593877523890210,facebook107359370
iOS,std,1593878059693150,instagram107371962
iOS,widget,1593877017996670,google107362464
Android,widget,1593878117657480,google107372480
Windows,std,1593877469678880,youtube107366637
Windows,gizmo,1593876595902900,facebook107358797
macOS,std,1593876950050440,facebook107361841
Linux,add_item,1593878151327040,email107361375
iOS,email_coupon,1593878701830410,direct107366858
Linux,widget,1593877466827880,instagram107366604
Chrome OS,faq,1593877694687770,google107368527
Android,gizmo,1593878620262240,facebook107377024
Windows,original,1593877049266410,instagram107361837
iOS,std,1593876608073140,google107358894
Android,email_coupon,1593878542449030,email107367636
macOS,email_coupon,1593877306295310,facebook107359162
macOS,std,1593878781706580,google107378441
Windows,std,1593877872596070,instagram107370313
macOS,std,1593876653108760,facebook107359268
Windows,cart,1593879204892870,google107374788
Chrome OS,std,1593877877362590,google107370368
Windows,widget,1593877955423180,instagram107371006
Windows,widget,1593876909033740,youtube107361413
iOS,std,1593876486604240,facebook107357864
Android,std,1593877187001810,facebook107364013
Android,std,1593877379254200,email107365773
Windows,checkout,1593877503572150,instagram107362759
Android,cart,1593877873302540,google107368656
macOS,std,1593876740847180,google107360024
macOS,widget,1593879167381130,instagram107381984
iOS,std,1593876815457890,google107360699
Android,gizmo,1593877301924130,direct107359681
Linux,press,1593877995459730,youtube107371238
Windows,widget,1593878469182710,youtube107375675
macOS,widget,1593879170941090,facebook107382016
Chrome OS,gizmo,1593877470459220,email107366644
iOS,original,1593878417409900,google107371494
macOS,premium,1593878266012340,google107371512
macOS,original,1593879031789590,google107378271
iOS,delivery,1593877804716490,google107369524
Linux,widget,1593879066803920,facebook107381029
Windows,foam,1593878769278300,google107369587
macOS,widget,1593876738508330,youtube107360004
Chrome OS,gizmo,1593879003550660,facebook107380428
iOS,std,1593878952461110,email107379968
Windows,std,1593877966385050,direct107371095
iOS,widget,1593878454253040,facebook107375537
iOS,gizmo,1593879192412050,google107382209
macOS,original,1593878760307240,google107358414
macOS,std,1593879220353790,google107382476
Windows,std,1593878494523820,google107375887
macOS,std,1593876856017170,facebook107361064
Android,std,1593878166082060,google107372873
Android,faq,1593878601283450,instagram107366336
Android,premium,1593878085503760,google107371749
Android,std,1593878247024730,facebook107373688
iOS,std,1593876805106890,facebook107360408
Windows,std,1593877967550460,youtube107371100
Windows,std,1593876964821950,google107361741
macOS,std,1593876969730420,google107362020
Chrome OS,std,1593877816435130,direct107369803
Android,std,1593879276577600,email107383008
iOS,widget,1593878912825860,youtube107379570
Linux,premium,1593878367207310,youtube107371238
Android,widget,1593877154748130,google107359708
Windows,original,1593877664691560,google107360030
Android,gizmo,1593879091613550,facebook107381290
macOS,checkout,1593877900700130,instagram107363445
macOS,gizmo,1593877802301330,direct107369668
Linux,std,1593877357479980,email107365569
iOS,gizmo,1593877143102770,google107363613
Chrome OS,email_coupon,1593878316240720,google107370528
iOS,std,1593876867485080,direct107361157
Linux,std,1593878607017460,email107376894
macOS,faq,1593878748947740,google107361634
macOS,premium,1593877850963200,google107358619
Windows,std,1593879122371140,facebook107381555
Linux,std,1593879049408940,facebook107380879
Chrome OS,std,1593876984964640,google107362185
macOS,press,1593878222089520,facebook107366436
Linux,std,1593879179166880,instagram107382089
Android,gizmo,1593877706251400,instagram107368819
Android,widget,1593877914947030,email107369325
iOS,std,1593879000427240,youtube107380398
macOS,std,1593877913189470,facebook107370667
Windows,widget,1593879251874450,google107379394
Android,std,1593878982344560,google107380047
macOS,faq,1593877861412150,facebook107368678
macOS,premium,1593877158996780,google107361677
Android,careers,1593878963327230,email107380077
macOS,gizmo,1593879028247010,facebook107380064
Windows,std,1593876953289040,youtube107361867
Android,std,1593879172441220,direct107382028
iOS,gizmo,1593879013024270,google107380518
Windows,faq,1593878170918560,instagram107365189
Android,gizmo,1593877709293220,direct107368839
macOS,faq,1593879095527630,google107367673
Linux,gizmo,1593878277790810,facebook107371709
Windows,register,1593878654933090,google107368888
iOS,std,1593876949728790,facebook107361839
macOS,widget,1593878742279560,email107378083
Android,std,1593878119925700,facebook107372498
Windows,faq,1593877915871750,facebook107369691
iOS,std,1593877838468770,google107370014
Android,email_coupon,1593877111744020,google107362186
macOS,faq,1593878449514060,google107369872
Linux,widget,1593877615401360,facebook107364120
Android,std,1593878560568030,facebook107376479
Windows,std,1593878547010770,google107376348
Windows,faq,1593877635247930,direct107364887
Android,std,1593876491492280,facebook107357903
Android,std,1593878522943720,direct107376161
Windows,std,1593878670788820,instagram107377470
iOS,std,1593878851818180,instagram107379093
Android,guest,1593878359789320,google107358417
Android,gizmo,1593877014282490,email107362426
macOS,guest,1593879032983380,youtube107359916
Windows,std,1593877182224940,facebook107363974
macOS,widget,1593877028310830,google107362573
Linux,email_coupon,1593878293280030,youtube107360513
Android,gizmo,1593879271789780,google107382968
Windows,widget,1593879245394740,facebook107382708
Linux,std,1593877685100550,google107368621
Android,std,1593877618333270,google107368006
Android,std,1593877428778870,facebook107366246
Android,original,1593877451151650,direct107366037
iOS,std,1593877520183070,youtube107367119
Windows,widget,1593879068561670,youtube107381044
Windows,faq,1593879214922660,direct107382258
iOS,email_coupon,1593877553396550,instagram107366994
Windows,std,1593877043847060,google107362729
iOS,email_coupon,1593878265993650,email107370543
Android,std,1593877393862440,google107365897
macOS,faq,1593879074335170,direct107379110
Android,widget,1593878257556420,youtube107366642
iOS,std,1593877915775390,instagram107370681
Android,add_item,1593878998451200,facebook107363054
Android,std,1593876450807820,direct107357553
Linux,add_item,1593879250450360,facebook107368828
macOS,widget,1593876599189030,google107358824
iOS,std,1593879066174860,google107381022
iOS,std,1593877723542070,google107368974
Android,std,1593876731342470,google107359938
Linux,std,1593878543706620,email107376330
iOS,delivery,1593877948038670,facebook107370836
macOS,checkout,1593878705492430,instagram107366430
Android,std,1593878724188150,email107365819
iOS,email_coupon,1593877885471550,google107370340
Android,premium,1593877377258070,instagram107365737
Chrome OS,checkout,1593878627008070,google107368246
Android,premium,1593879158841430,google107378022
Android,std,1593877666848170,google107368451
macOS,widget,1593878072951780,facebook107358753
macOS,delivery,1593877554808230,facebook107364103
Windows,widget,1593877918665730,facebook107370703
Android,gizmo,1593878170344770,instagram107372928
iOS,press,1593878314600420,google107373413
Android,faq,1593877968380380,google107369256
Android,faq,1593878149638900,google107372230
macOS,checkout,1593877560857450,facebook107359880
Windows,faq,1593878901029720,facebook107377144
Windows,std,1593877405349530,facebook107366007
Android,warranty,1593878051321150,google107370679
macOS,widget,1593878369180970,google107374809
macOS,add_item,1593878432099820,google107361712
macOS,std,1593877802735120,youtube107369690
Android,email_coupon,1593878646121490,facebook107370401
macOS,original,1593878137620550,direct107371261
Android,widget,1593878990241080,instagram107380132
iOS,checkout,1593877882335230,youtube107366543
Windows,press,1593877521537720,direct107367073
iOS,widget,1593877079313230,email107363029
Android,press,1593878060116570,google107371755
Android,widget,1593876520612070,google107358163
Android,checkout,1593878063167080,google107367629
Android,premium,1593876636335220,google107358299
Android,add_item,1593878902626080,google107378772
iOS,std,1593878502711390,email107375960
macOS,std,1593877928886810,direct107370790
Windows,add_item,1593877672873040,facebook107364146
Android,widget,1593878177209680,direct107373003
Android,press,1593876474384520,email107357634
macOS,std,1593878753857620,youtube107378204
macOS,std,1593876740360030,google107360019
Chrome OS,std,1593876980823460,youtube107362132
Windows,std,1593876756887800,instagram107360149
iOS,widget,1593877302755240,direct107365087
Linux,delivery,1593878061664280,google107370897
macOS,checkout,1593878206879060,google107364350
macOS,std,1593879176619880,instagram107382069
iOS,std,1593878846171140,google107379038
Windows,press,1593879137527930,google107375233
macOS,std,1593879283414660,facebook107383079
Chrome OS,widget,1593876722901280,facebook107359883
Android,press,1593878085538570,facebook107371248
Chrome OS,cart,1593878976824990,facebook107376521
iOS,std,1593877951294720,facebook107370966
Android,std,1593876776712120,google107360334
iOS,widget,1593878012623880,facebook107371533
Android,delivery,1593878209570410,email107372520
Windows,std,1593876811403280,direct107360652
Android,std,1593878051518760,instagram107371876
Android,std,1593877339063160,google107365408
macOS,std,1593877718034510,google107368927
Android,std,1593877483896790,facebook107366773
Chrome OS,shipping_info,1593878437022880,facebook107364269
macOS,widget,1593877092497200,google107363147
Android,widget,1593878219370770,google107373025
macOS,email_coupon,1593876553938420,youtube107357680
Android,widget,1593877487415440,google107366804
Android,std,1593878879920540,google107379337
macOS,cc_info,1593878715378190,google107357549
macOS,std,1593878462347450,instagram107375595
iOS,std,1593878573149770,facebook107376612
Chrome OS,email_coupon,1593877197038200,instagram107363338
Windows,widget,1593878707369550,instagram107377799
macOS,add_item,1593878855446810,google107378337
Windows,premium,1593879202987470,youtube107380898
Linux,std,1593878735289280,google107378035
iOS,std,1593876766517830,direct107360245
Windows,std,1593877447706980,google107366410
iOS,widget,1593877957508940,instagram107368578
iOS,gizmo,1593879191609090,direct107382199
macOS,std,1593878736201830,direct107378041
Linux,std,1593876691765490,email107359607
Android,reviews,1593877883394020,facebook107364043
macOS,gizmo,1593877174625140,facebook107363897
macOS,std,1593878784275210,direct107378461
iOS,std,1593878942493960,google107379873
macOS,std,1593878703141350,google107377767
Android,down,1593879142644390,facebook107368247
Android,widget,1593878125445670,google107372548
Android,widget,1593878802590560,direct107378625
Linux,widget,1593878745097470,google107378129
Android,premium,1593879127574880,instagram107372385
Windows,std,1593878640699390,google107377225
Android,std,1593877154453140,google107363723
macOS,widget,1593879225928780,google107382521
Windows,std,1593878771144080,facebook107378349
Linux,std,1593878120350720,email107368049
Android,std,1593877215668760,email107364279
macOS,login,1593877931178020,google107365827
Android,checkout,1593878993833040,direct107374981
iOS,std,1593877563913870,facebook107367512
Chrome OS,std,1593876630219860,facebook107359087
Windows,std,1593879168651420,direct107381992
macOS,add_item,1593878656895280,google107371989
Android,std,1593877961521450,email107371057
iOS,checkout,1593878448580440,google107365115
Android,original,1593879058628810,google107380307
Linux,std,1593878831298110,direct107378902
